playerId,displayName,id,name
1049905,Alex Armah,13326,"Armah, Alexander"
234403,Matthew Slater,9200,"Slater, Matt"
866578,Scotty Miller,14280,"Miller, Scott"
406214,Antonio Brown,9988,"Brown, Antonio"
606551,Chris Moore,12773,"Moore, Chris"
835086,Mike Thomas,12675,"Thomas, Mike"
691856,Danny Vitale,12822,"Vitale, Dan"
694015,Mike Davis,12164,"Davis, Mike"
1049915,David Moore,13348,"Moore, David"
976220,Marquise Brown,14105,"Brown, Marquise"
744112,Robert Davis,13238,"Davis, Robert"
866174,Tyler Davis,14996,"Davis, Tyler"
732121,Corey Davis,13153,"Davis, Corey"
910808,Stephen Sullivan,15026,"Sullivan, Stephen"
509372,Chris Thompson,11186,"Thompson, Chris"
836103,Noah Brown,13172,"Brown, Noah"
911710,Austin Mack,14855,"Mack, Austin"
835127,Chris Godwin,13163,"Godwin, Chris"
913387,Darius Anderson,14812,"Anderson, Darius"
691828,Austin Carr,13367,"Carr, Austin"
741785,Mike White,13598,"White, Mike"
823872,Brian Hill,13240,"Hill, Brian"
750698,Taywan Taylor,13167,"Taylor, Taywan"
833514,Cody Thompson,14321,"Thompson, Cody"
820435,Brandon Powell,13910,"Powell, Brandon"
943842,Isaiah Wright,15077,"Wright, Isaiah"
214201,Matt Moore,8944,"Moore, Matt"
943635,Patrick Taylor,14817,"Taylor, Patrick"
609496,Allen Robinson II,11678,"Robinson, Allen"
835417,Chris Lacy,14045,"Lacy, Chris"
1166545,Deonte Harris,14558,"Harris, Deonte"
888716,Bruce Anderson III,14314,"Anderson, Bruce"
911236,Tyler Johnson,14864,"Johnson, Tyler"
823156,Tyreek Hill,12801,"Hill, Tyreek"
593587,Mike Evans,11671,"Evans, Mike"
882734,Chris Carson,13364,"Carson, Chris"
615494,Trevor Davis,12800,"Davis, Trevor"
921454,Marquez Callaway,15034,"Callaway, Marquez"
561380,Daniel Brown,12585,"Brown, Daniel"
608753,Nick Boyle,12328,"Boyle, Nick"
686800,Fred Brown,14352,"Brown, Fred"
604724,Malcolm Brown,12386,"Brown, Malcolm"
943093,Ian Thomas,13678,"Thomas, Ian"
733754,Mike Williams,13154,"Williams, Mike"
473742,John Brown,11783,"Brown, John"
822350,Kyle Allen,13879,"Allen, Kyle"
733849,Trent Taylor,13316,"Taylor, Trent"
946739,David Montgomery,14071,"Montgomery, David"
747866,Devin Ross,15064,"Ross, Devin"
605242,Tyler Lockett,12187,"Lockett, Tyler"
742387,Tyler Boyd,12650,"Boyd, Tyler"
879072,Terry Godwin,14298,"Godwin, Terry"
691348,Marcus Johnson,13387,"Johnson, Marcus"
607660,Stephen Anderson,12859,"Anderson, Stephen"
836936,Isaiah Ford,13162,"Ford, Isaiah"
606485,Devin Smith,12182,"Smith, Devin"
750838,Robert Foster,13653,"Foster, Robert"
750097,Matt Breida,13378,"Breida, Matt"
694662,Cody Core,12824,"Core, Cody"
604390,Brandon Allen,12621,"Allen, Brandon"
1166944,Malik Taylor,14533,"Taylor, Malik"
822031,Trey Quinn,13664,"Quinn, Trey"
695370,Corey Coleman,12646,"Coleman, Corey"
465129,Ryan Griffin,11399,"Griffin, Ryan"
924130,Aaron Fuller,15069,"Fuller, Aaron"
842181,Mike Boone,13868,"Boone, Mike"
608360,Robby Anderson,12930,"Anderson, Robby"
923420,Chris Rowland,15053,"Rowland, Chris"
612512,DeAndre Carter,12394,"Carter, DeAndre"
591801,Chris Conley,12257,"Conley, Chris"
464646,Travis Benjamin,10737,"Benjamin, Travis"
867754,Deon Cain,13636,"Cain, Deon"
823811,Nick Bawden,13838,"Bawden, Nick"
696881,Cody Hollister,13851,"Hollister, Cody"
884014,Damien Harris,14075,"Harris, Damien"
329031,Andre Roberts,9921,"Roberts, Andre"
607435,Marvin Hall,13505,"Hall, Marvin"
739435,Steven Mitchell Jr.,13659,"Mitchell, Steven"
791008,Keelan Cole,13412,"Cole, Keelan"
507528,Logan Thomas,11647,"Thomas, Logan"
552409,David Johnson,12171,"Johnson, David"
913163,Tyler Huntley,14789,"Huntley, Tyler"
883314,Dan Chisena,15057,"Chisena, Dan"
494724,Dion Lewis,10389,"Lewis, Dion"
466883,Ryan Griffin,11441,"Griffin, Ryan"
922127,Quartney Davis,14856,"Davis, Quartney"
976761,Gabriel Davis,14845,"Davis, Gabriel"
560241,DeAndre Hopkins,11232,"Hopkins, DeAndre"
822857,Nick Chubb,13610,"Chubb, Nick"
865896,Rodney Anderson,14088,"Anderson, Rodney"
507478,Marquise Goodwin,11239,"Goodwin, Marquise"
1049249,Hunter Bryant,14874,"Bryant, Hunter"
877596,Steven Sims Jr.,14613,"Sims, Steven"
838301,Ventell Bryant,14481,"Bryant, Ventell"
1108841,Darwin Thompson,14284,"Thompson, Darwin"
689689,Pharaoh Brown,13994,"Brown, Pharaoh"
335172,Demaryius Thomas,9884,"Thomas, Demaryius"
694629,Colin Thompson,15123,"Thompson, Colin"
465752,Brandon Bolden,10932,"Bolden, Brandon"
924598,Aaron Parker,15039,"Parker, Aaron"
838156,Ryan Nall,13849,"Nall, Ryan"
598969,Ty Montgomery,12261,"Montgomery, Ty"
974627,Eno Benjamin,14801,"Benjamin, Eno"
1054229,Isaiah Coulter,14972,"Coulter, Isaiah"
975387,Isaiah Hodgins,14849,"Hodgins, Isaiah"
790004,Austin Ekeler,13404,"Ekeler, Austin"
787757,Chad Williams,13280,"Williams, Chad"
230925,Greg Olsen,8687,"Olsen, Greg"
542809,Tyler Bray,11170,"Bray, Tyler"
557210,Keenan Allen,11222,"Allen, Keenan"
838179,Tim Patrick,13377,"Patrick, Tim"
821297,David Blough,14070,"Blough, David"
403189,Nick Foles,10699,"Foles, Nick"
653699,Michael Thomas,12652,"Thomas, Michael"
946101,Tony Jones Jr.,14828,"Jones, Tony"
920756,Devin Duvernay,14847,"Duvernay, Devin"
824541,Cam Sims,13895,"Sims, Cam"
828766,Artavis Scott,13161,"Scott, Artavis"
652520,Alex Erickson,12913,"Erickson, Alex"
884315,Alex Bachman,14548,"Bachman, Alex"
602461,Tyler Ervin,12639,"Ervin, Tyler"
696080,Tevin Coleman,12152,"Coleman, Tevin"
653107,Chad Kelly,13121,"Kelly, Chad"
508968,Tyler Eifert,11250,"Eifert, Tyler"
922994,Antonio Gandy-Golden,14863,"Gandy-Golden, Antonio"
891115,Diontae Johnson,14208,"Johnson, Diontae"
886740,Deontay Burnett,13648,"Burnett, Deontay"
610943,Ben Koyack,12209,"Koyack, Ben"
469472,Kyle Rudolph,10312,"Rudolph, Kyle"
324970,Kyle Nelson,11128,"Nelson, Kyle"
838603,Emmanuel Butler,14313,"Butler, Emmanuel"
910406,Bryan Edwards,14844,"Edwards, Bryan"
469509,Josh Hill,11529,"Hill, Josh"
878935,Penny Hart,14316,"Hart, Penny"
746577,Chad Beebe,13999,"Beebe, Chad"
752015,Da'Mari Scott,13990,"Scott, Da'Mari"
508924,Lamar Miller,10708,"Miller, Lamar"
382555,Nick Bellore,10514,"Bellore, Nick"
884956,Cameron Scarlett,15044,"Scarlett, Cameron"
605423,Nick O'Leary,12207,"O'Leary, Nick"
606488,Nick Vannett,12680,"Vannett, Nick"
746191,Andre Patton,14365,"Patton, Andre"
450794,Robert Griffin III,10696,"Griffin III, Robert"
599006,Marqise Lee,11672,"Lee, Marqise"
702808,Mack Hollins,13289,"Hollins, Mack"
512431,David Fales,11835,"Fales, David"
691645,Trey Edmunds,13452,"Edmunds, Trey"
614302,Tevin Jones,12890,"Jones, Tevin"
916610,Brandon Zylstra,13585,"Zylstra, Brandon"
1107034,Brandon Aiyuk,14840,"Aiyuk, Brandon"
542788,Trey Burton,11705,"Burton, Trey"
213957,Aaron Rodgers,7836,"Rodgers, Aaron"
552926,Cameron Brate,12110,"Brate, Cameron"
741447,Tim Boyle,13873,"Boyle, Tim"
540997,Allen Hurns,11925,"Hurns, Allen"
880022,Kirk Merritt,15046,"Merritt, Kirk"
263758,Danny Amendola,9308,"Amendola, Danny"
607678,Maurice Harris,12917,"Harris, Maurice"
611417,Davante Adams,11675,"Adams, Davante"
837958,Allen Lazard,13632,"Lazard, Allen"
1050926,Alexander Hollins,14554,"Hollins, Alexander"
468655,T.Y. Hilton,10729,"Hilton, T.Y."
494493,Matt Barkley,11151,"Barkley, Matt"
556294,James White,11747,"White, James"
609050,Cody Latimer,11758,"Latimer, Cody"
922092,Jordan Thomas,13819,"Thomas, Jordan"
835777,Tony Brooks-James,14465,"Brooks-James, Tony"
914372,Darrell Henderson Jr.,14087,"Henderson, Darrell"
880398,Tony Pollard,14085,"Pollard, Tony"
832080,Chris Herndon,13679,"Herndon, Chris"
563293,Chris Manhertz,12955,"Manhertz, Chris"
542871,Blake Bell,12213,"Bell, Blake"
944604,Rico Gafford,14760,"Gafford, Rico"
837503,Christian Blake,14342,"Blake, Christian"
727279,Demarcus Robinson,12785,"Robinson, Demarcus"
836104,Parris Campbell,14112,"Campbell, Parris"
916466,Devin Singletary,14080,"Singletary, Devin"
877784,Ty Johnson,14095,"Johnson, Ty"
884948,Bryce Love,14082,"Love, Bryce"
559264,David Fluellen,11894,"Fluellen, David"
861278,Tyler Conklin,13675,"Conklin, Tyler"
592268,Tyler Kroft,12212,"Kroft, Tyler"
604176,Tyler Higbee,12678,"Higbee, Tyler"
836116,Terry McLaurin,14109,"McLaurin, Terry"
658447,Zach Pascal,13488,"Pascal, Zach"
460830,Cole Beasley,10973,"Beasley, Cole"
824249,Duke Williams,12667,"Williams, Duke"
496083,Derek Carr,11644,"Carr, Derek"
830084,Keelan Doss,14317,"Doss, Keelan"
910852,Greg Dortch,14108,"Dortch, Greg"
503496,Josh Gordon,10960,"Gordon, Josh"
830860,Reggie Bonnafon,14435,"Bonnafon, Reggie"
911644,Collin Johnson,14853,"Johnson, Collin"
865567,Tyron Johnson,14117,"Johnson, Tyron"
788345,Chad Hansen,13183,"Hansen, Chad"
839009,Cameron Batson,13912,"Batson, Cameron"
266414,Darren Fells,11337,"Fells, Darren"
865803,Damion Ratley,13794,"Ratley, Damion"
914009,Riley Ridley,14103,"Ridley, Riley"
324216,Emmanuel Sanders,9918,"Sanders, Emmanuel"
910570,Dillon Mitchell,14129,"Mitchell, Dillon"
978579,Tee Higgins,14835,"Higgins, Tee"
658389,Patrick Ricard,13455,"Ricard, Patrick"
742382,Marquez Valdes-Scantling,13793,"Valdes-Scantling, Marquez"
912014,Darius Bradwell,15098,"Bradwell, Darius"
604908,Damiere Byrd,12464,"Byrd, Damiere"
607864,Brandin Cooks,11674,"Cooks, Brandin"
650914,Amari Cooper,12175,"Cooper, Amari"
728265,Chris Streveler,15060,"Streveler, Chris"
865649,Bryce Perkins,14792,"Perkins, Bryce"
878782,K.J. Hill,14851,"Hill, K.J."
877790,DJ Moore,13635,"Moore, D.J."
741314,Aaron Jones,13319,"Jones, Aaron"
944826,A.J. Brown,14104,"Brown, A.J."
607843,Marcus Mariota,12141,"Mariota, Marcus"
884013,Calvin Ridley,13629,"Ridley, Calvin"
884265,Darrell Stewart,15052,"Stewart, Darrell"
739424,Austin Hooper,12677,"Hooper, Austin"
618715,Tyrell Williams,12391,"Williams, Tyrell"
552586,MyCole Pruitt,12309,"Pruitt, MyCole"
246140,Matt Schaub,7480,"Schaub, Matt"
691583,Duke Johnson,12157,"Johnson, Duke"
1167356,Craig Reynolds,14727,"Reynolds, Craig"
386116,Taiwan Jones,10368,"Jones, Taiwan"
750702,Deon Yelder,13857,"Yelder, Deon"
943898,Cole McDonald,14794,"McDonald, Cole"
602241,DeVante Parker,12176,"Parker, DeVante"
839325,Travis Fulgham,14265,"Fulgham, Travis"
865801,Christian Kirk,13633,"Kirk, Christian"
878911,Andy Isabella,14121,"Isabella, Andy"
602096,Adam Humphries,12505,"Humphries, Adam"
562859,Diontae Spencer,14565,"Spencer, Diontae"
913541,Tavien Feaster,14819,"Feaster, Tavien"
933480,Rico Dowdle,14823,"Dowdle, Rico"
924424,Malcolm Perry,15022,"Perry, Malcolm"
543654,Le'Veon Bell,11192,"Bell, Le'Veon"
728328,Marcus Baugh,14517,"Baugh, Marcus"
464346,Mike Glennon,11152,"Glennon, Mike"
754412,Kendrick Bourne,13418,"Bourne, Kendrick"
922011,Tyrie Cleveland,15027,"Cleveland, Tyrie"
868199,Josh Allen,13589,"Allen, Josh"
606055,Matt LaCosse,12596,"LaCosse, Matt"
832098,David Njoku,13192,"Njoku, David"
879766,John Kelly,13619,"Kelly, John"
922017,La'Mical Perine,14806,"Perine, Lamical"
820734,Samaje Perine,13133,"Perine, Samaje"
607659,C.J. Anderson,11454,"Anderson, C.J."
679453,Ben Braunecker,12868,"Braunecker, Ben"
888731,Ben Ellefson,15088,"Ellefson, Ben"
748309,Nick Mullens,13968,"Mullens, Nick"
742470,Corey Clement,13136,"Clement, Corey"
739799,Gus Edwards,13850,"Edwards, Gus"
884549,Josh Adams,13611,"Adams, Josh"
846695,Khari Lee,12479,"Lee, Khari"
1053627,Dan Arnold,13880,"Arnold, Dan"
752062,Taylor Gabriel,11975,"Gabriel, Taylor"
913826,Byron Pringle,13863,"Pringle, Byron"
920809,Kelvin Harmon,14114,"Harmon, Kelvin"
820866,Braxton Berrios,13638,"Berrios, Braxton"
883459,Auden Tate,13642,"Tate, Auden"
553696,Josh Bellamy,11104,"Bellamy, Josh"
822367,Josh Reynolds,13168,"Reynolds, Josh"
835694,Patrick Laird,14612,"Laird, Patrick"
406457,Patrick DiMarco,11100,"DiMarco, Patrick"
592914,Devonta Freeman,11660,"Freeman, Devonta"
924261,Miles Sanders,14079,"Sanders, Miles"
922027,Brian Herrien,14814,"Herrien, Brian"
913170,Zack Moss,14798,"Moss, Zack"
732145,Derrick Henry,12626,"Henry, Derrick"
749136,Anthony Miller,13639,"Miller, Anthony"
691283,Damien Williams,11886,"Williams, Damien"
161355,Ryan Fitzpatrick,8062,"Fitzpatrick, Ryan"
728819,Ryan Finley,14068,"Finley, Ryan"
380960,Ryan Tannehill,10697,"Tannehill, Ryan"
922026,Mecole Hardman,14113,"Hardman, Mecole"
503184,Taysom Hill,13424,"Hill, Taysom"
1052000,Jeff Thomas,14866,"Thomas, Jeff"
874368,Omar Bayless,15038,"Bayless, Omar"
946582,Dwayne Haskins Jr.,14058,"Haskins, Dwayne"
916467,Harrison Bryant,14875,"Bryant, Harrison"
467405,Latavius Murray,11390,"Murray, Latavius"
944381,Benny LeMay,14829,"LeMay, Benny"
943841,James Robinson,14813,"Robinson, James"
831003,Darrius Shepherd,14330,"Shepherd, Darrius"
882776,Hakeem Butler,14106,"Butler, Hakeem"
917775,Earnest Edwards,15065,"Edwards, Earnest"
946094,Chase Claypool,14841,"Claypool, Chase"
750802,Jordan Howard,12634,"Howard, Jordan"
216263,Matt Ryan,9099,"Ryan, Matt"
824864,Alex McGough,13825,"McGough, Alex"
616337,Alex Tanney,10935,"Tanney, Alex"
456613,Mark Ingram II,10276,"Ingram, Mark"
832900,Chase Edmonds,13726,"Edmonds, Chase"
606629,Elijhaa Penny,13239,"Penny, Elijhaa"
835779,Royce Freeman,13617,"Freeman, Royce"
822038,Darrel Williams,13623,"Williams, Darrel"
602269,Demetrius Harris,11448,"Harris, Demetrius"
660151,Robert Tonyan,13427,"Tonyan, Robert"
744425,Hunter Henry,12676,"Henry, Hunter"
751855,Kyle Lauletta,13601,"Lauletta, Kyle"
879277,Ben DiNucci,15008,"DiNucci, Ben"
835082,Ito Smith,13768,"Smith, Ito"
741322,Rashard Higgins,12656,"Higgins, Rashard"
744595,Pharoh Cooper,12660,"Cooper, Pharoh"
837820,Dante Pettis,13634,"Pettis, Dante"
698227,Cooper Kupp,13164,"Kupp, Cooper"
400490,Golden Tate,9831,"Tate, Golden"
692660,Kalif Raymond,13066,"Raymond, Kalif"
461620,Marvin Jones Jr.,10738,"Jones, Marvin"
403060,Bilal Powell,10369,"Powell, Bilal"
922484,Travis Homer,14083,"Homer, Travis"
749635,Boston Scott,13814,"Scott, Boston"
830517,Christian McCaffrey,13130,"McCaffrey, Christian"
976251,Cam Akers,14799,"Akers, Cam"
448240,Travis Kelce,11244,"Kelce, Travis"
703015,Dare Ogunbowale,13148,"Ogunbowale, Dare"
840760,Marlon Mack,13234,"Mack, Marlon"
694041,Stefon Diggs,12186,"Diggs, Stefon"
1066765,Cole Kmet,14867,"Kmet, Cole"
1050026,Antony Auclair,13445,"Auclair, Antony"
503177,Zach Ertz,11247,"Ertz, Zach"
747906,John Ross III,13155,"Ross, John"
399579,Tyrod Taylor,10413,"Taylor, Tyrod"
835845,Khari Blasingame,14552,"Blasingame, Khari"
264725,Brian Hoyer,9714,"Hoyer, Brian"
821230,Rodney Smith,14809,"Smith, Rodney"
915066,Reggie Gilliam,15103,"Gilliam, Reggie"
457289,Terrelle Pryor Sr.,10500,"Pryor, Terrelle"
697295,Kenny Golladay,13277,"Golladay, Kenny"
690153,Cordarrelle Patterson,11225,"Patterson, Cordarrelle"
596417,Phillip Dorsett II,12188,"Dorsett, Phillip"
542896,Kenny Stills,11227,"Stills, Kenny"
884553,Miles Boykin,14125,"Boykin, Miles"
835861,Trent Sherfield,13893,"Sherfield, Trent"
878371,Joshua Kelley,14807,"Kelley, Joshua"
25347,Tom Brady,5848,"Brady, Tom"
267443,Adrian Peterson,8658,"Peterson, Adrian"
832473,Qadree Ollison,14097,"Ollison, Qadree"
1111478,Scottie Phillips,14824,"Phillips, Scottie"
606045,Josh Ferguson,12640,"Ferguson, Josh"
866041,Ty'Son Williams,15040,"Williams, Ty'Son"
911020,Sean McKeon,15097,"McKeon, Sean"
833687,Buddy Howell,13916,"Howell, Buddy"
866115,Devine Ozigbo,14096,"Ozigbo, Devine"
945633,DK Metcalf,14102,"Metcalf, DK"
696125,Amara Darboh,13166,"Darboh, Amara"
728374,Danny Etling,13824,"Etling, Danny"
823220,Mason Rudolph,13595,"Rudolph, Mason"
881697,Stephen Carlson,14488,"Carlson, Stephen"
933537,J.J. Taylor,14827,"Taylor, J.J."
397945,LeSean McCoy,9448,"McCoy, LeSean"
865565,Derrius Guice,13605,"Guice, Derrius"
944343,Alexander Mattison,14223,"Mattison, Alexander"
606516,Melvin Gordon III,12151,"Gordon, Melvin"
695408,C.J. Board,13878,"Board, C.J."
747895,Darrell Daniels,13396,"Daniels, Darrell"
923911,Noah Fant,14137,"Fant, Noah"
694135,Darius Jackson,12832,"Jackson, Darius"
749590,Victor Bolden,13375,"Bolden, Victor"
1050070,Krishawn Hogan,13370,"Hogan, Krishawn"
821389,Curtis Samuel,13157,"Samuel, Curtis"
866112,Stanley Morgan,14131,"Morgan, Stanley"
835749,Deebo Samuel,14136,"Samuel, Deebo"
691278,Sterling Shepard,12658,"Shepard, Sterling"
748755,DaeSean Hamilton,13649,"Hamilton, DaeSean"
746491,Zay Jones,13176,"Jones, Zay"
694641,Todd Gurley II,12150,"Gurley, Todd"
944025,Adrian Killins Jr.,14831,"Killins Jr., Adrian"
824080,Dalvin Cook,13128,"Cook, Dalvin"
915030,Darrynton Evans,14808,"Evans, Darrynton"
553705,Senorise Perry,11964,"Perry, Senorise"
1166990,Jason Moore,14545,"Moore, Jason"
976973,Dalton Keene,14939,"Keene, Dalton"
1049770,Adam Shaheen,13254,"Shaheen, Adam"
875444,Adam Trautman,14870,"Trautman, Adam"
689688,Evan Baylis,13476,"Baylis, Evan"
749185,Evan Engram,13189,"Engram, Evan"
867071,Olabisi Johnson,14305,"Johnson, Olabisi"
838443,KeeSean Johnson,14124,"Johnson, KeeSean"
879049,Jordan Scarlett,14094,"Scarlett, Jordan"
880548,Kerryon Johnson,13612,"Johnson, Kerryon"
742474,Troy Fumagalli,13673,"Fumagalli, Troy"
839031,Patrick Mahomes,13116,"Mahomes, Patrick"
264851,Chad Henne,9073,"Henne, Chad"
508876,Jordan Reed,11248,"Reed, Jordan"
838415,Tre'Quan Smith,13645,"Smith, Tre'Quan"
850603,Vyncint Smith,13884,"Smith, Vyncint"
553688,Rod Smith,12444,"Smith, Rod"
494313,Mohamed Sanu,10723,"Sanu, Mohamed"
978117,Cyril Grayson,14339,"Grayson, Cyril"
748554,Laquon Treadwell,12645,"Treadwell, Laquon"
1166036,Ashton Dulin,14315,"Dulin, Ashton"
1062020,CeeDee Lamb,14832,"Lamb, CeeDee"
1165782,Trinity Benson,14499,"Benson, Trinity"
592413,Josh Doctson,12648,"Doctson, Josh"
820522,Josh Malone,13235,"Malone, Josh"
877244,Preston Williams,14126,"Williams, Preston"
882704,Steven Montez,14784,"Montez, Steven"
866956,Chandler Cox,14295,"Cox, Chandler"
756928,Tarik Cohen,13290,"Cohen, Tarik"
840691,Rashaad Penny,13608,"Penny, Rashaad"
920072,Damarea Crockett,14098,"Crockett, Damarea"
157341,Frank Gore,7877,"Gore, Frank"
747861,Phillip Lindsay,13614,"Lindsay, Phillip"
910605,Trayveon Williams,14076,"Williams, Trayveon"
689866,Sean Culkin,13438,"Culkin, Sean"
694931,Eric Saubert,13315,"Saubert, Eric"
214197,Marcedes Lewis,8269,"Lewis, Marcedes"
752665,Ross Dwelley,13988,"Dwelley, Ross"
605752,Eric Ebron,11695,"Ebron, Eric"
554431,Eric Tomlinson,13065,"Tomlinson, Eric"
879799,Kyler Murray,14056,"Murray, Kyler"
306296,Colt McCoy,9899,"McCoy, Colt"
924222,Joe Reed,14862,"Reed, Joe"
1065406,Jonathan Taylor,14802,"Taylor, Jonathan"
744162,Jordan Chunn,14350,"Chunn, Jordan"
744568,Ricky Seals-Jones,13382,"Seals-Jones, Ricky"
403308,Kirk Cousins,10700,"Cousins, Kirk"
1063397,D.J. Montgomery,14486,"Montgomery, D.J."
879981,Daniel Jones,14059,"Jones, Daniel"
590796,Ameer Abdullah,12155,"Abdullah, Ameer"
556955,Albert Wilson,11890,"Wilson, Albert"
865573,Foster Moreau,14239,"Moreau, Foster"
820517,Jalen Hurd,14116,"Hurd, Jalen"
380750,Cam Newton,10273,"Newton, Cam"
322858,Andy Dalton,10313,"Dalton, Andy"
820699,Mark Andrews,13671,"Andrews, Mark"
820720,Daniel Helm,14367,"Helm, Daniel"
399529,Dontrelle Inman,11957,"Inman, Dontrelle"
910431,N'Keal Harry,14101,"Harry, N'Keal"
465949,Randall Cobb,10308,"Cobb, Randall"
910629,Dezmon Patmon,14998,"Patmon, Dezmon"
884088,DaMarkus Lodge,14111,"Lodge, DaMarkus"
323273,Colin Kaepernick,10297,"Kaepernick, Colin"
887450,De'Lance Turner,13958,"Turner, De'Lance"
733248,Devontae Booker,12629,"Booker, Devontae"
883302,Saquon Barkley,13604,"Barkley, Saquon"
749064,Dalyn Dawkins,13961,"Dawkins, Dalyn"
885494,LeVante Bellamy,14830,"Bellamy, LeVante"
884083,Dawson Knox,14143,"Knox, Dawson"
884567,Jalen Guyton,14337,"Guyton, Jalen"
831007,Easton Stick,14069,"Stick, Easton"
749874,Michael Roberts,13197,"Roberts, Michael"
839043,D'Ernest Johnson,14331,"Johnson, D'Ernest"
886186,John Ursua,14297,"Ursua, John"
1130582,John Hightower,14969,"Hightower, John"
911348,Michael Pittman Jr.,14842,"Pittman, Michael"
945145,Anthony Johnson,14119,"Johnson, Anthony"
867642,Tommy Stevens,15017,"Stevens, Tommy"
557860,Sean Mannion,12145,"Mannion, Sean"
590420,Brett Hundley,12142,"Hundley, Brett"
556483,Michael Burton,12325,"Burton, Michael"
821285,Johnnie Dixon,14134,"Dixon, Johnnie"
1071826,Lynn Bowden Jr.,14843,"Bowden, Lynn"
865895,Myles Gaskin,14081,"Gaskin, Myles"
608012,Joshua Perkins,12685,"Perkins, Joshua"
884610,Dexter Williams,14074,"Williams, Dexter"
602069,Ross Travis,12898,"Travis, Ross"
728169,Mitchell Trubisky,13115,"Trubisky, Mitchell"
300101,Chase Daniel,9706,"Daniel, Chase"
836164,Trace McSorley,14061,"McSorley, Trace"
749948,Will Fuller V,12647,"Fuller, Will"
694117,Cooper Rush,13124,"Rush, Cooper"
605784,Darius Jennings,12586,"Jennings, Darius"
912137,Jordan Love,14782,"Love, Jordan"
867759,Ray-Ray McCloud III,13641,"McCloud, Ray-Ray"
924362,Quintez Cephus,14850,"Cephus, Quintez"
912027,Darnell Mooney,14974,"Mooney, Darnell"
920758,Lil'Jordan Humphrey,14118,"Humphrey, Lil'Jordan"
883976,Olamide Zaccheaus,14592,"Zaccheaus, Olamide"
882929,Keke Coutee,13662,"Coutee, Keke"
921479,Kalija Lipscomb,15037,"Lipscomb, Kalija"
1061929,Laviska Shenault Jr.,14838,"Shenault, Laviska"
589984,Odell Beckham Jr.,11679,"Beckham, Odell"
1050234,Donovan Peoples-Jones,14857,"Peoples-Jones, Donovan"
757521,KhaDarel Hodge,13963,"Hodge, KhaDarel"
652808,Breshad Perriman,12197,"Perriman, Breshad"
934331,Denzel Mims,14846,"Mims, Denzel"
1060259,Henry Ruggs III,14834,"Ruggs, Henry"
691055,Nelson Agholor,12181,"Agholor, Nelson"
739628,Ishmael Hyman,14348,"Hyman, Ishmael"
744883,Marcell Ateman,13647,"Ateman, Marcell"
946594,Binjimen Victor,14854,"Victor, Binjimen"
838878,Courtland Sutton,13630,"Sutton, Courtland"
700813,Troymaine Pope,12929,"Pope, Troymaine"
1075216,Trenton Cannon,13816,"Cannon, Trenton"
835814,Bo Scarbrough,13615,"Scarbrough, Bo"
750846,Alvin Kamara,13132,"Kamara, Alvin"
976650,Clyde Edwards-Helaire,14803,"Edwards-Helaire, Clyde"
883082,Karan Higdon Jr.,14078,"Higdon, Karan"
546742,Roosevelt Nix,4397,"Nix, Roosevelt"
746613,Kareem Hunt,13138,"Hunt, Kareem"
821729,Dontrell Hilliard,13871,"Hilliard, Dontrell"
694588,Kenyan Drake,12630,"Drake, Kenyan"
913373,Sewo Olonilua,15172,"Olonilua, Sewo"
880033,Ronald Jones II,13606,"Jones, Ronald"
748048,Dylan Cantrell,13807,"Cantrell, Dylan"
880294,Brycen Hopkins,14868,"Hopkins, Brycen"
830523,Dalton Schultz,13772,"Schultz, Dalton"
873525,Charlie Taumoepeau,15050,"Taumoepeau, Charlie"
494969,Vance McDonald,11257,"McDonald, Vance"
886225,Dax Raymond,14324,"Raymond, Dax"
920077,Albert Okwuegbunam,14873,"Okwuegbunam, Albert"
463435,Beau Brinkley,11065,"Brinkley, Beau"
458093,A.J. Green,10261,"Green, A.J."
884609,Juwan Johnson,14861,"Johnson, Juwan"
733735,Jordan Leggett,13195,"Leggett, Jordan"
558661,Geremy Davis,12338,"Davis, Geremy"
912070,Michael Gallup,13646,"Gallup, Michael"
973947,Tua Tagovailoa,14778,"Tagovailoa, Tua"
880026,Sam Darnold,13592,"Darnold, Sam"
714230,Dwayne Washington,12845,"Washington, Dwayne"
944428,Irv Smith Jr.,14141,"Smith Jr., Irv"
334184,Lee Smith,10398,"Smith, Lee"
924018,Kaden Smith,14142,"Smith, Kaden"
652764,D.J. Foster,12871,"Foster, D.J."
300173,DeSean Jackson,9075,"Jackson, DeSean"
401534,Russell Wilson,10703,"Wilson, Russell"
881779,Josh Oliver,14209,"Oliver, Josh"
591816,Dak Prescott,12620,"Prescott, Dak"
651658,Maxx Williams,12206,"Williams, Maxx"
866580,James Morgan,14790,"Morgan, James"
912061,Cedrick Wilson,13652,"Wilson, Cedrick"
742390,James Conner,13146,"Conner, James"
924166,Anthony Gordon,14787,"Gordon, Anthony"
728991,Kurt Benkert,13600,"Benkert, Kurt"
696112,Nate Sudfeld,12815,"Sudfeld, Nate"
923932,Nate Stanley,14785,"Stanley, Nate"
592195,Teddy Bridgewater,11640,"Bridgewater, Teddy"
866216,Brett Rypien,14065,"Rypien, Brett"
822008,DJ Chark Jr.,13668,"Chark, D.J."
822013,Leonard Fournette,13129,"Fournette, Leonard"
498760,Rex Burkhead,11182,"Burkhead, Rex"
877807,Ke'Shawn Vaughn,14810,"Vaughn, Ke'Shawn"
745858,Taquan Mizzell Sr.,13384,"Mizzell, Taquan"
543825,Carlos Hyde,11657,"Hyde, Carlos"
744436,Peyton Barber,12637,"Barber, Peyton"
880146,Nyheim Hines,13622,"Hines, Nyheim"
884791,Ryquell Armstead,14093,"Armstead, Ryquell"
880322,Alec Ingold,14420,"Ingold, Alec"
937230,Gabe Nabers,15096,"Nabers, Gabe"
606501,Raheem Mostert,12447,"Mostert, Raheem"
1049246,Salvon Ahmed,14811,"Ahmed, Salvon"
1060312,Colby Parkinson,14871,"Parkinson, Colby"
503205,Levine Toilolo,11252,"Toilolo, Levine"
976066,Jalen Reagor,14839,"Reagor, Jalen"
883429,Jeff Smith,14561,"Smith, Jeff"
838396,Jordan Akins,13753,"Akins, Jordan"
246054,Philip Rivers,7394,"Rivers, Philip"
338280,Case Keenum,10948,"Keenum, Case"
868876,Josh Rosen,13591,"Rosen, Josh"
832213,John Lovett,14591,"Lovett, John"
557177,DeAndrew White,12429,"White, DeAndrew"
741292,Greg Ward,13864,"Ward, Greg"
697479,C.J. Prosise,12627,"Prosise, C.J."
915397,C.J. Ham,12923,"Ham, C.J."
552352,James O'Shaughnessy,12330,"O'Shaughnessy, James"
605335,DeAndre Washington,12857,"Washington, DeAndre"
924062,Caleb Wilson,14145,"Wilson, Caleb"
651103,T.J. Yeldon,12153,"Yeldon, T.J."
974470,Jordan Ta'amu,14622,"Ta'amu, Jordan"
881058,K.J. Osborn,14977,"Osborn, K.J."
976528,KJ Hamler,14837,"Hamler, KJ"
914008,Isaac Nauta,14144,"Nauta, Isaac"
1115394,Tanner Hudson,14370,"Hudson, Tanner"
881956,Hayden Hurst,13680,"Hurst, Hayden"
791365,Dallas Goedert,13674,"Goedert, Dallas"
712506,Mo Alie-Cox,13246,"Alie-Cox, Mo"
608714,Temarrick Hemingway,12807,"Hemingway, Temarrick"
875649,Donald Parham Jr.,14341,"Parham, Donald"
400947,Anthony Sherman,10378,"Sherman, Anthony"
976428,Anthony McFarland Jr.,14804,"McFarland, Anthony"
884921,JJ Arcega-Whiteside,14107,"Arcega-Whiteside, JJ"
1107826,Antonio Gibson,14852,"Gibson, Antonio"
867172,Jeremy Cox,14458,"Cox, Jeremy"
943189,Trishton Jackson,14859,"Jackson, Trishton"
743749,Jonnu Smith,13193,"Smith, Jonnu"
466869,Luke Willson,11381,"Willson, Luke"
877654,Gary Jennings,14120,"Jennings, Gary"
820727,Joe Mixon,13131,"Mixon, Joe"
693837,Jonathan Williams,12635,"Williams, Jonathan"
914571,Jason Huntley,14973,"Huntley, Jason"
696882,Jacob Hollister,13391,"Hollister, Jacob"
880542,Will Hastings,15043,"Hastings, Will"
606530,Derek Watt,12823,"Watt, Derek"
728230,Jake Butt,13190,"Butt, Jake"
1060545,AJ Dillon,14805,"Dillon, AJ"
463393,Blaine Gabbert,10262,"Gabbert, Blaine"
748070,Baker Mayfield,13590,"Mayfield, Baker"
837040,Devlin Hodges,14618,"Hodges, Devlin"
593305,C.J. Uzomah,12317,"Uzomah, C.J."
823040,Isaiah McKenzie,13313,"McKenzie, Isaiah"
1164428,Christian Wade,14194,"Wade, Christian"
25598,Drew Brees,4925,"Brees, Drew"
882345,Drew Lock,14057,"Lock, Drew"
728165,T.J. Logan,13142,"Logan, T.J."
867043,George Campbell,15048,"Campbell, George"
836057,Jon Hilliman,14338,"Hilliman, Jon"
740704,Johnny Mundt,13940,"Mundt, Johnny"
924946,Antoine Wesley,14130,"Wesley, Antoine"
767297,Anthony Firkser,13919,"Firkser, Anthony"
877745,Lamar Jackson,13593,"Jackson, Lamar"
216342,Joe Flacco,9064,"Flacco, Joe"
334733,Julian Edelman,9662,"Edelman, Julian"
704254,Seth Roberts,12471,"Roberts, Seth"
880151,Jakobi Meyers,14127,"Meyers, Jakobi"
1115710,Nick Keizer,14356,"Keizer, Nick"
296480,Jared Cook,9474,"Cook, Jared"
837824,Drew Sample,14146,"Sample, Drew"
820601,Jakob Johnson,14359,"Johnson, Jakob"
728168,Ryan Switzer,13165,"Switzer, Ryan"
978040,Damion Willis,14373,"Willis, Damion"
607847,De'Anthony Thomas,11659,"Thomas, De'Anthony"
555693,Robert Woods,11228,"Woods, Robert"
913271,Jalen Hurts,14783,"Hurts, Jalen"
923915,T.J. Hockenson,14138,"Hockenson, T.J."
744582,J'Mon Moore,13657,"Moore, J'Mon"
732147,O.J. Howard,13188,"Howard, O.J."
593517,Jeff Heuerman,12208,"Heuerman, Jeff"
559334,Jamize Olawale,10985,"Olawale, Jamize"
696127,Devin Funchess,12205,"Funchess, Devin"
910562,Justin Herbert,14779,"Herbert, Justin"
749968,Durham Smythe,13676,"Smythe, Durham"
611495,Reggie Begelton,15033,"Begelton, Reggie"
746244,Keith Kirkwood,13882,"Kirkwood, Keith"
865844,Jake Browning,14358,"Browning, Jake"
821950,Jake Luton,14793,"Luton, Jake"
975816,Jake Fromm,14781,"Fromm, Jake"
654887,Derek Carrier,10940,"Carrier, Derek"
832232,Jaylen Samuels,13613,"Samuels, Jaylen"
733744,Wayne Gallman Jr.,13135,"Gallman, Wayne"
733643,Adam Thielen,11938,"Thielen, Adam"
880557,Darius Slayton,14122,"Slayton, Darius"
976427,Javon Leake,14820,"Leake, Javon"
558973,Keith Smith,12040,"Smith, Keith"
830844,Justin Jackson,13620,"Jackson, Justin"
837806,Will Dissly,13763,"Dissly, Will"
600191,Darren Waller,12263,"Waller, Darren"
834990,Ryan Izzo,13847,"Izzo, Ryan"
822014,Russell Gage,13809,"Gage, Russell"
923109,Justice Hill,14086,"Hill, Justice"
1130881,De'Michael Harris,15149,"Harris, De'Michael"
835437,James Washington,13631,"Washington, James"
865950,Dede Westbrook,13158,"Westbrook, Dede"
976513,J.K. Dobbins,14800,"Dobbins, J.K."
501150,Kyle Juszczyk,11367,"Juszczyk, Kyle"
477386,Jack Doyle,11516,"Doyle, Jack"
914004,Jacob Eason,14780,"Eason, Jacob"
836152,Mike Gesicki,13672,"Gesicki, Mike"
218943,Delanie Walker,8416,"Walker, Delanie"
836094,Tommy Sweeney,14294,"Sweeney, Tommy"
602118,Sammy Watkins,11670,"Watkins, Sammy"
949134,Quez Watkins,14992,"Watkins, Quez"
883432,Michael Walker,14440,"Walker, Michael"
513856,Geno Smith,11150,"Smith, Geno"
592538,Jeff Driskel,12623,"Driskel, Jeff"
703270,Tajae Sharpe,12657,"Sharpe, Tajae"
866446,Kerrith Whyte Jr.,14289,"Whyte, Kerrith"
910463,Freddie Swain,14865,"Swain, Freddie"
693833,Jeremy Sprinkle,13194,"Sprinkle, Jeremy"
652899,Gehrig Dieter,13179,"Dieter, Gehrig"
456614,Julio Jones,10271,"Jones, Julio"
598989,Javorius Allen,12159,"Allen, Javorius"
246804,Ted Ginn Jr.,8673,"Ginn Jr., Ted"
884080,Van Jefferson Jr.,14858,"Jefferson, Van"
508649,AJ McCarron,11643,"McCarron, A.J."
912761,Jaleel Scott,13663,"Scott, Jaleel"
946008,Devin Asiasi,14936,"Asiasi, Devin"
866149,Josiah Deguara,14876,"Deguara, Josiah"
504496,Matt Lengel,13044,"Lengel, Matt"
1167484,Jody Fortson,15070,"Fortson, Jody"
690029,Jason Croom,13890,"Croom, Jason"
728319,J.T. Barrett,13596,"Barrett, J.T."
695311,Jamaal Williams,13139,"Williams, Jamaal"
821159,Geronimo Allison,12665,"Allison, Geronimo"
695199,Jaydon Mickens,13510,"Mickens, Jaydon"
832220,Justin Watson,13776,"Watson, Justin"
879955,Jared Pinkney,14872,"Pinkney, Jared"
920062,Benny Snell Jr.,14072,"Snell, Benny"
976309,DeeJay Dallas,14815,"Dallas, DeeJay"
841649,Hunter Renfrow,14123,"Renfrow, Hunter"
824428,Andrew Beck,14319,"Beck, Andrew"
605325,Jakeem Grant,12814,"Grant, Jakeem"
924768,Raymond Calais,15021,"Calais, Raymond"
246061,Ben Roethlisberger,7401,"Roethlisberger, Ben"
739691,Shelton Gibson,13170,"Gibson, Shelton"
733672,George Kittle,13299,"Kittle, George"
651653,Andy Janovich,12806,"Janovich, Andy"
828743,Deshaun Watson,13113,"Watson, Deshaun"
867047,Jacques Patrick,14917,"Patrick, Jacques"
877910,Xavier Jones,14818,"Jones, Xavier"
295918,Jimmy Graham,9925,"Graham, Jimmy"
883079,Zach Gentry,14240,"Gentry, Zach"
608353,J.D. McKissic,13108,"McKissic, J.D."
820568,Kalen Ballage,13621,"Ballage, Kalen"
607699,Richard Rodgers,11785,"Rodgers, Richard"
867009,Jauan Jennings,14860,"Jennings, Jauan"
607047,Jacoby Brissett,12616,"Brissett, Jacoby"
727837,Jared Goff,12611,"Goff, Jared"
877246,Eli Wolf,15066,"Wolf, Eli"
823041,Sony Michel,13607,"Michel, Sony"
736984,Elijah McGuire,13144,"McGuire, Elijah"
922028,Elijah Holyfield,14084,"Holyfield, Elijah"
546076,Giovani Bernard,11193,"Bernard, Giovani"
832316,Jaeden Graham,14464,"Graham, Jaeden"
885940,Giovanni Ricci,15054,"Ricci, Giovanni"
788307,Wes Hills,14333,"Hills, Wes"
694088,Mason Schreck,13366,"Schreck, Mason"
711965,Blake Jarwin,13722,"Jarwin, Blake"
749174,Quincy Adeboyejo,13406,"Adeboyejo, Quincy"
560223,Paul Richardson Jr.,11681,"Richardson, Paul"
693276,JoJo Natson,13529,"Natson, JoJo"
696122,Jehu Chesson,13169,"Chesson, Jehu"
877704,Nathan Cottrell,15087,"Cottrell, Nathan"
563824,Jerick McKinnon,11761,"McKinnon, Jerick"
835830,Cullen Gillaspia,14287,"Gillaspia, Cullen"
1069535,Justin Jefferson,14836,"Jefferson, Justin"
599649,Jamison Crowder,12184,"Crowder, Jamison"
1069808,D'Andre Swift,14797,"Swift, D'Andre"
693062,Kenneth Dixon,12632,"Dixon, Kenneth"
623676,Seth DeValve,12792,"DeValve, Seth"
865868,Jarrett Stidham,14063,"Stidham, Jarrett"
885029,Noah Togiai,15080,"Togiai, Noah"
504323,Alshon Jeffery,10722,"Jeffery, Alshon"
323254,Virgil Green,10432,"Green, Virgil"
555648,Jordan Matthews,11676,"Matthews, Jordan"
553616,Clive Walford,12210,"Walford, Clive"
555680,Xavier Grimble,11701,"Grimble, Xavier"
728022,Tyrone Swoopes,13411,"Swoopes, Tyrone"
944416,Josh Jacobs,14073,"Jacobs, Josh"
381091,Rob Gronkowski,9902,"Gronkowski, Rob"
728274,Cethan Carter,13369,"Carter, Cethan"
877913,James Proche,14848,"Proche, James"
507477,Garrett Gilbert,11854,"Gilbert, Garrett"
733638,Davis Webb,13120,"Webb, Davis"
693356,Paxton Lynch,12612,"Lynch, Paxton"
323205,Matthew Stafford,9431,"Stafford, Matthew"
650974,Nathan Peterman,13127,"Peterman, Nathan"
555358,Jimmy Garoppolo,11760,"Garoppolo, Jimmy"
1168410,Gunner Olszewski,14555,"Olszewski, Gunner"
880123,Lawrence Cager,15041,"Cager, Lawrence"
246053,Larry Fitzgerald,7393,"Fitzgerald, Larry"
828656,Nsimba Webster,14549,"Webster, Nsimba"
589991,Jarvis Landry,11680,"Landry, Jarvis"
836347,John Wolford,15035,"Wolford, John"
922040,Charlie Woerner,14984,"Woerner, Charlie"
749205,Jordan Wilkins,13789,"Wilkins, Jordan"
920813,Thaddeus Moss,14869,"Moss, Thaddeus"
732107,Logan Woodside,13846,"Woodside, Logan"
1059696,Michael Warren II,14816,"Warren, Michael"
912553,Jonathan Ward,15042,"Ward, Jonathan"
558619,Jake Kumerow,12443,"Kumerow, Jake"
540526,Spencer Ware,11199,"Ware, Spencer"
919456,Trevon Wesco,14231,"Wesco, Trevon"
886641,JaMycal Hasty,14821,"Hasty, JaMycal"
728338,Ezekiel Elliott,12625,"Elliott, Ezekiel"
838487,Gerald Everett,13236,"Everett, Gerald"
693429,Jalen Richard,12912,"Richard, Jalen"
472623,James Winchester,12608,"Winchester, James"
830853,Clayton Thorson,14064,"Thorson, Clayton"
820423,Will Grier,14062,"Grier, Will"
836079,Juwann Winfree,14267,"Winfree, Juwann"
887526,Kahale Warring,14195,"Warring, Kahale"
884045,Hale Hentges,14654,"Hentges, Hale"
881708,Jesper Horsted,14752,"Horsted, Jesper"
692334,J.P. Holtz,14372,"Holtz, J.P."
884601,Equanimeous St. Brown,13637,"St. Brown, Equanimeous"
878785,Joe Burrow,14777,"Burrow, Joe"
613866,Carson Wentz,12610,"Wentz, Carson"
867303,Gardner Minshew II,14067,"Minshew, Gardner"
822644,Richie James Jr.,13724,"James, Richie"
652019,Jesse James,12211,"James, Jesse"
691784,C.J. Beathard,13125,"Beathard, C.J."
922039,Javon Wims,13644,"Wims, Javon"
591586,Willie Snead IV,11951,"Snead, Willie"
691536,Jameis Winston,12140,"Winston, Jameis"
752646,Jamal Agnew,13308,"Agnew, Jamal"
184571,Jason Witten,6997,"Witten, Jason"
835909,JuJu Smith-Schuster,13156,"Smith-Schuster, JuJu"
877598,Jace Sternberger,14140,"Sternberger, Jace"
973935,Jerry Jeudy,14833,"Jeudy, Jerry"
749164,P.J. Walker,13416,"Walker, P.J."
742410,Jester Weah,13656,"Weah, Jester"
728035,Wendell Smallwood,12636,"Smallwood, Wendell"
883259,Nick Westbrook-Ikhine,15109,"Westbrook, Nick"
879022,Antonio Callaway,13640,"Callaway, Antonio"
564913,Chris Hogan,10983,"Hogan, Chris"
791008,Keelan Cole Sr.,13412,"Cole, Keelan"
882338,Emanuel Hall,14115,"Hall, Emanuel"
511509,Bennie Fowler III,11931,"Fowler, Bennie"
217357,Alex Smith,7813,"Smith, Alex"
830686,Malik Turner,13669,"Turner, Malik"
835443,D'Onta Foreman,13134,"Foreman, D'Onta"
334186,Luke Stocker,10354,"Stocker, Luke"
81059,Josh McCown,6589,"McCown, Josh"
746896,Jeff Badet,14320,"Badet, Jeff"
837594,Jeremy McNichols,13143,"McNichols, Jeremy"
1130881,DeMichael Harris,15149,"Harris, De'Michael"
728021,Geoff Swaim,12378,"Swaim, Geoff"
359,49ers,530,"49ers, San Francisco"
326,Bears,521,"Bears, Chicago"
327,Bengals,506,"Bengals, Cincinnati"
324,Bills,501,"Bills, Buffalo"
332,Broncos,511,"Broncos, Denver"
329,Browns,507,"Browns, Cleveland"
362,Buccaneers,525,"Buccaneers, Tampa Bay"
355,Cardinals,519,"Cardinals, Arizona"
357,Chargers,514,"Chargers, Los Angeles"
339,Chiefs,512,"Chiefs, Kansas City"
338,Colts,502,"Colts, Indianapolis"
331,Cowboys,516,"Cowboys, Dallas"
345,Dolphins,503,"Dolphins, Miami"
354,Eagles,518,"Eagles, Philadelphia"
363,WAS Football Team,520,"FootballTeam, Washington"
323,Falcons,526,"Falcons, Atlanta"
351,Giants,517,"Giants, New York"
365,Jaguars,509,"Jaguars, Jacksonville"
352,Jets,505,"Jets, New York"
334,Lions,522,"Lions, Detroit"
335,Packers,523,"Packers, Green Bay"
364,Panthers,527,"Panthers, Carolina"
348,Patriots,504,"Patriots, New England"
341,Raiders,513,"Raiders, Las Vegas"
343,Rams,528,"Rams, Los Angeles"
366,Ravens,531,"Ravens, Baltimore"
350,Saints,529,"Saints, New Orleans"
361,Seahawks,515,"Seahawks, Seattle"
356,Steelers,510,"Steelers, Pittsburgh"
325,Texans,532,"Texans, Houston"
336,Titans,508,"Titans, Tennessee"
347,Vikings,524,"Vikings, Minnesota"
